{"cameraMode":{"drawMode":0,"name":"Shaded","section":"Shading Mode"},"sceneLighting":true,"audioPlay":false,"sceneViewState":{"m_AlwaysRefresh":false,"showFog":true,"showSkybox":true,"showFlares":true,"showImageEffects":true,"showParticleSystems":true,"showVisualEffectGraphs":true,"m_FxEnabled":true},"in2DMode":false,"pivot":{"x":2.3367040157318117,"y":0.4030846953392029,"z":0.8112621307373047},"rotation":{"x":-0.11363618820905686,"y":0.044986240565776828,"z":-0.005150921642780304,"w":-0.99248868227005},"size":2.7619831562042238,"orthographic":false}