{"cameraMode":{"drawMode":0,"name":"Shaded","section":"Shading Mode"},"sceneLighting":false,"audioPlay":false,"sceneViewState":{"m_AlwaysRefresh":false,"showFog":false,"showSkybox":false,"showFlares":false,"showImageEffects":false,"showParticleSystems":false,"showVisualEffectGraphs":true,"m_FxEnabled":true},"in2DMode":false,"pivot":{"x":0.28591808676719668,"y":0.9302728176116943,"z":-0.06424567103385925},"rotation":{"x":0.0018941607559099794,"y":-0.9964398145675659,"z":0.0808885470032692,"w":0.023318851366639139},"size":1.0527331829071046,"orthographic":false}